Postcode,In Use?,Latitude,Longitude,Easting,Northing,GridRef,County,District,Ward,DistrictCode,WardCode,Country,CountyCode,Constituency,Introduced,Terminated,Parish,NationalPark,Population,Households,Built up area,Built up sub-division,Lower layer super output area,Rural/urban,Region,Altitude
BR1 1AA,No,51.406271,0.015177,540260,169398,TQ402693,"Greater London","Bromley","Bromley Town", E09000006,E05000109,England,E11000009,"Bromley and Chislehurst",1990-02-01,2008-12-01,"","",,,"Greater London","Bromley","Bromley 008B","Urban major conurbation",London,71
BR3 3BE,Yes,51.388305,-0.018124,537998,167337,TQ379673,"Greater London","Bromley","Kelsey and Eden Park", E09000006,E05000120,England,E11000009,"Beckenham",1980-01-01,,"","",,,"Greater London","Bromley","Bromley 024C","Urban major conurbation",London,53
BR3 3BF,Yes,51.390677,-0.02758,537333,167583,TQ373675,"Greater London","Bromley","Kelsey and Eden Park", E09000006,E05000120,England,E11000009,"Beckenham",2003-03-01,,"","",7,4,"Greater London","Bromley","Bromley 024C","Urban major conurbation",London,54
BR4 0XB,No,51.376166,-0.015028,538250,165993,TQ382659,"Greater London","Bromley","West Wickham", E09000006,E05000127,England,E11000009,"Beckenham",2008-01-01,2009-01-01,"","",,,"Greater London","Bromley","Bromley 030B","Urban major conurbation",London,79
BR4 0XD,No,51.376166,-0.015028,538250,165993,TQ382659,"Greater London","Bromley","West Wickham", E09000006,E05000127,England,E11000009,"Beckenham",2008-04-01,2011-05-01,"","",,,"Greater London","Bromley","Bromley 030B","Urban major conurbation",London,79
CR0 1HA,Yes,51.368352,-0.093592,532805,164979,TQ328649,"Greater London","Croydon","Fairfield", E09000008,E05000153,England,E11000009,"Croydon Central",1980-01-01,,"","",146,67,"Greater London","Croydon","Croydon 027C","Urban major conurbation",London,70
CR0 1HB,Yes,51.371487,-0.093376,532811,165328,TQ328653,"Greater London","Croydon","Fairfield", E09000008,E05000153,England,E11000009,"Croydon Central",1980-01-01,,"","",54,30,"Greater London","Croydon","Croydon 027C","Urban major conurbation",London,66
CR0 1HD,Yes,51.366734,-0.096417,532613,164794,TQ326647,"Greater London","Croydon","Fairfield", E09000008,E05000153,England,E11000009,"Croydon Central",1980-01-01,,"","",52,25,"Greater London","Croydon","Croydon 027D","Urban major conurbation",London,58
EC1M 4BE,No,51.520896,-0.100908,531856,181929,TQ318819,"Greater London","Islington","Bunhill", E09000019,E05000367,England,E11000009,"Islington South and Finsbury",1980-01-01,1999-12-01,"","",,,"Greater London","Islington","Islington 022H","Urban major conurbation",London,25
EC1M 4BF,Yes,51.521137,-0.102426,531750,181953,TQ317819,"Greater London","Islington","Clerkenwell", E09000019,E05000370,England,E11000009,"Islington South and Finsbury",1999-12-01,,"","",,,"Greater London","Islington","Islington 022D","Urban major conurbation",London,23
HA1 4YD,Yes,51.58345,-0.357898,513871,188454,TQ138884,"Greater London","Harrow","Headstone South", E09000015,E05000293,England,E11000009,"Harrow West",1981-12-01,,"","",32,15,"Greater London","Harrow","Harrow 021C","Urban major conurbation",London,56
KT3 4QJ,No,51.405265,-0.257476,521300,168800,TQ213688,"Greater London","Kingston upon Thames","Coombe Vale", E09000021,E05000407,England,E11000009,"Richmond Park",1980-01-01,1996-06-01,"","",,,"Greater London","Kingston upon Thames","Kingston upon Thames 007D","Urban major conurbation",London,18
KT3 4QL,No,51.405388,-0.257845,521274,168813,TQ212688,"Greater London","Kingston upon Thames","Coombe Vale", E09000021,E05000407,England,E11000009,"Richmond Park",2004-01-01,2004-01-01,"","",,,"Greater London","Kingston upon Thames","Kingston upon Thames 007D","Urban major conurbation",London,17
KT3 4QN,Yes,51.405394,-0.25704,521330,168815,TQ213688,"Greater London","Kingston upon Thames","Beverley", E09000021,E05000402,England,E11000009,"Kingston and Surbiton",1980-01-01,,"","",34,17,"Greater London","Kingston upon Thames","Kingston upon Thames 007A","Urban major conurbation",London,17
N1 9QJ,Yes,51.53283,-0.114887,530852,183231,TQ308832,"Greater London","Islington","Barnsbury", E09000019,E05000366,England,E11000009,"Islington South and Finsbury",1980-01-01,,"","",94,28,"Greater London","Islington","Islington 019B","Urban major conurbation",London,31
N1 9QL,No,51.532018,-0.118064,530634,183135,TQ306831,"Greater London","Islington","Caledonian", E09000019,E05000368,England,E11000009,"Islington South and Finsbury",2002-06-01,2011-10-01,"","",,,"Greater London","Islington","Islington 021B","Urban major conurbation",London,23
N1 9QN,Yes,51.534351,-0.116641,530726,183397,TQ307833,"Greater London","Islington","Barnsbury", E09000019,E05000366,England,E11000009,"Islington South and Finsbury",1980-01-01,,"","",14,5,"Greater London","Islington","Islington 019B","Urban major conurbation",London,26
N1 9QP,Yes,51.534479,-0.112872,530987,183418,TQ309834,"Greater London","Islington","Barnsbury", E09000019,E05000366,England,E11000009,"Islington South and Finsbury",1980-01-01,,"","",29,16,"Greater London","Islington","Islington 021A","Urban major conurbation",London,37
N1 9QQ,Yes,51.53283,-0.114887,530852,183231,TQ308832,"Greater London","Islington","Barnsbury", E09000019,E05000366,England,E11000009,"Islington South and Finsbury",1980-01-01,,"","",102,31,"Greater London","Islington","Islington 019B","Urban major conurbation",London,31
N1 9QR,Yes,51.534429,-0.112543,531010,183413,TQ310834,"Greater London","Islington","Barnsbury", E09000019,E05000366,England,E11000009,"Islington South and Finsbury",1980-01-01,,"","",55,26,"Greater London","Islington","Islington 021A","Urban major conurbation",London,38
N1 9QS,Yes,51.538645,-0.103543,531622,183898,TQ316838,"Greater London","Islington","St Mary's", E09000019,E05000379,England,E11000009,"Islington South and Finsbury",1994-12-01,,"","",,,"Greater London","Islington","Islington 020B","Urban major conurbation",London,42
N1 9QT,Yes,51.532677,-0.112082,531047,183219,TQ310832,"Greater London","Islington","Barnsbury", E09000019,E05000366,England,E11000009,"Islington South and Finsbury",2004-04-01,,"","",,,"Greater London","Islington","Islington 019B","Urban major conurbation",London,39
N1 9QU,Yes,51.534367,-0.115386,530813,183401,TQ308834,"Greater London","Islington","Barnsbury", E09000019,E05000366,England,E11000009,"Islington South and Finsbury",1980-01-01,,"","",88,40,"Greater London","Islington","Islington 019B","Urban major conurbation",London,30
N1 9QW,Yes,51.535332,-0.116687,530720,183506,TQ307835,"Greater London","Islington","Barnsbury", E09000019,E05000366,England,E11000009,"Islington South and Finsbury",1980-01-01,,"","",,,"Greater London","Islington","Islington 019B","Urban major conurbation",London,25
N1 9QX,No,51.533723,-0.115614,530799,183329,TQ307833,"Greater London","Islington","Barnsbury", E09000019,E05000366,England,E11000009,"Islington South and Finsbury",1980-01-01,2000-06-01,"","",,,"Greater London","Islington","Islington 021A","Urban major conurbation",London,30
N1 9QY,No,51.533723,-0.115614,530799,183329,TQ307833,"Greater London","Islington","Barnsbury", E09000019,E05000366,England,E11000009,"Islington South and Finsbury",1980-01-01,2000-06-01,"","",,,"Greater London","Islington","Islington 021A","Urban major conurbation",London,30
N1 9QZ,Yes,51.532622,-0.115386,530818,183207,TQ308832,"Greater London","Islington","Barnsbury", E09000019,E05000366,England,E11000009,"Islington South and Finsbury",2003-01-01,,"","",,,"Greater London","Islington","Islington 019B","Urban major conurbation",London,29
N1 9RA,Yes,51.534572,-0.11581,530783,183423,TQ307834,"Greater London","Islington","Barnsbury", E09000019,E05000366,England,E11000009,"Islington South and Finsbury",1980-01-01,,"","",39,18,"Greater London","Islington","Islington 019B","Urban major conurbation",London,28
N1 9RB,Yes,51.534815,-0.120356,530467,183442,TQ304834,"Greater London","Islington","Caledonian", E09000019,E05000368,England,E11000009,"Islington South and Finsbury",1997-12-01,,"","",15,8,"Greater London","Islington","Islington 021B","Urban major conurbation",London,25
N1 9RD,Yes,51.534429,-0.116998,530701,183405,TQ307834,"Greater London","Islington","Barnsbury", E09000019,E05000366,England,E11000009,"Islington South and Finsbury",1980-01-01,,"","",1,1,"Greater London","Islington","Islington 019B","Urban major conurbation",London,25
N1 9RE,Yes,51.533888,-0.118015,530632,183343,TQ306833,"Greater London","Islington","Caledonian", E09000019,E05000368,England,E11000009,"Islington South and Finsbury",1980-01-01,,"","",104,32,"Greater London","Islington","Islington 019D","Urban major conurbation",London,23
N1 9RF,Yes,51.535049,-0.119799,530505,183469,TQ305834,"Greater London","Islington","Caledonian", E09000019,E05000368,England,E11000009,"Islington South and Finsbury",1998-06-01,,"","",73,40,"Greater London","Islington","Islington 021B","Urban major conurbation",London,25
N1 9RG,Yes,51.534873,-0.117225,530684,183454,TQ306834,"Greater London","Islington","Caledonian", E09000019,E05000368,England,E11000009,"Islington South and Finsbury",1980-01-01,,"","",,,"Greater London","Islington","Islington 019D","Urban major conurbation",London,26
N1 9RH,Yes,51.534237,-0.119068,530558,183380,TQ305833,"Greater London","Islington","Caledonian", E09000019,E05000368,England,E11000009,"Islington South and Finsbury",1980-01-01,,"","",34,16,"Greater London","Islington","Islington 021B","Urban major conurbation",London,24
N1 9RJ,Yes,51.534492,-0.119274,530543,183408,TQ305834,"Greater London","Islington","Caledonian", E09000019,E05000368,England,E11000009,"Islington South and Finsbury",1995-12-01,,"","",43,18,"Greater London","Islington","Islington 019D","Urban major conurbation",London,25
N1 9RL,Yes,51.534978,-0.118706,530581,183463,TQ305834,"Greater London","Islington","Caledonian", E09000019,E05000368,England,E11000009,"Islington South and Finsbury",1980-01-01,,"","",,,"Greater London","Islington","Islington 019D","Urban major conurbation",London,26
N1 9RN,No,51.532391,-0.120024,530497,183173,TQ304831,"Greater London","Islington","Caledonian", E09000019,E05000368,England,E11000009,"Islington South and Finsbury",1980-01-01,2007-05-01,"","",,,"Greater London","Islington","Islington 021B","Urban major conurbation",London,22
N1 9RP,No,51.532051,-0.107292,531381,183158,TQ313831,"Greater London","Islington","Barnsbury", E09000019,E05000366,England,E11000009,"Islington South and Finsbury",1998-06-01,2006-09-01,"","",,,"Greater London","Islington","Islington 020A","Urban major conurbation",London,41
N1 9RQ,No,51.534777,-0.11795,530634,183442,TQ306834,"Greater London","Islington","Caledonian", E09000019,E05000368,England,E11000009,"Islington South and Finsbury",1993-01-01,2004-06-01,"","",,,"Greater London","Islington","Islington 019D","Urban major conurbation",London,27
N1 9RR,Yes,51.534115,-0.119837,530505,183365,TQ305833,"Greater London","Islington","Caledonian", E09000019,E05000368,England,E11000009,"Islington South and Finsbury",1980-01-01,,"","",37,13,"Greater London","Islington","Islington 021B","Urban major conurbation",London,24
N1 9RS,Yes,51.53389,-0.120423,530465,183339,TQ304833,"Greater London","Islington","Caledonian", E09000019,E05000368,England,E11000009,"Islington South and Finsbury",1994-12-01,,"","",31,21,"Greater London","Islington","Islington 021B","Urban major conurbation",London,24
N1 9RT,Yes,51.534221,-0.120323,530471,183376,TQ304833,"Greater London","Islington","Caledonian", E09000019,E05000368,England,E11000009,"Islington South and Finsbury",1980-01-01,,"","",111,61,"Greater London","Islington","Islington 021B","Urban major conurbation",London,24
N1 9RU,Yes,51.538645,-0.103543,531622,183898,TQ316838,"Greater London","Islington","St Mary's", E09000019,E05000379,England,E11000009,"Islington South and Finsbury",1995-07-01,,"","",,,"Greater London","Islington","Islington 020B","Urban major conurbation",London,42
N1 9RW,Yes,51.534788,-0.119781,530507,183440,TQ305834,"Greater London","Islington","Caledonian", E09000019,E05000368,England,E11000009,"Islington South and Finsbury",1998-12-01,,"","",75,40,"Greater London","Islington","Islington 021B","Urban major conurbation",London,25
N1 9RX,No,51.533555,-0.121374,530400,183300,TQ304833,"Greater London","Islington","Caledonian", E09000019,E05000368,England,E11000009,"Islington South and Finsbury",1995-01-01,1995-12-01,"","",,,"Greater London","Islington","Islington 021B","Urban major conurbation",London,23
N1 9RY,Yes,51.533645,-0.119179,530552,183314,TQ305833,"Greater London","Islington","Caledonian", E09000019,E05000368,England,E11000009,"Islington South and Finsbury",1980-01-01,,"","",17,9,"Greater London","Islington","Islington 021B","Urban major conurbation",London,23
N1 9RZ,Yes,51.533436,-0.121264,530408,183287,TQ304832,"Greater London","Islington","Caledonian", E09000019,E05000368,England,E11000009,"Islington South and Finsbury",2013-03-01,,"","",,,"Greater London","Islington","Islington 021B","Urban major conurbation",London,23
N1 9SA,No,51.532465,-0.111182,531110,183197,TQ311831,"Greater London","Islington","Barnsbury", E09000019,E05000366,England,E11000009,"Islington South and Finsbury",2007-01-01,2007-01-01,"","",,,"Greater London","Islington","Islington 021A","Urban major conurbation",London,40
N1 9SB,Yes,51.533437,-0.11962,530522,183290,TQ305832,"Greater London","Islington","Caledonian", E09000019,E05000368,England,E11000009,"Islington South and Finsbury",1980-01-01,,"","",23,12,"Greater London","Islington","Islington 021B","Urban major conurbation",London,23
N1 9SD,Yes,51.533423,-0.120457,530464,183287,TQ304832,"Greater London","Islington","Caledonian", E09000019,E05000368,England,E11000009,"Islington South and Finsbury",1980-01-01,,"","",23,9,"Greater London","Islington","Islington 021B","Urban major conurbation",London,22
N1 9SE,Yes,51.533106,-0.121969,530360,183249,TQ303832,"Greater London","Islington","Caledonian", E09000019,E05000368,England,E11000009,"Islington South and Finsbury",2014-11-01,,"","",,,"Greater London","Islington","Islington 021B","Urban major conurbation",London,22
N1 9SF,No,51.534069,-0.11981,530507,183360,TQ305833,"Greater London","Islington","Caledonian", E09000019,E05000368,England,E11000009,"Islington South and Finsbury",1980-01-01,2004-08-01,"","",,,"Greater London","Islington","Islington 021B","Urban major conurbation",London,24
N1 9SG,Yes,51.533717,-0.115773,530788,183328,TQ307833,"Greater London","Islington","Barnsbury", E09000019,E05000366,England,E11000009,"Islington South and Finsbury",2000-06-01,,"","",30,13,"Greater London","Islington","Islington 021A","Urban major conurbation",London,29
N1 9SH,No,51.533122,-0.115163,530832,183263,TQ308832,"Greater London","Islington","Barnsbury", E09000019,E05000366,England,E11000009,"Islington South and Finsbury",1996-06-01,2001-04-01,"","",,,"Greater London","Islington","Islington 019B","Urban major conurbation",London,31
N1 9SJ,Yes,51.533334,-0.122176,530345,183274,TQ303832,"Greater London","Islington","Caledonian", E09000019,E05000368,England,E11000009,"Islington South and Finsbury",2005-12-01,,"","",29,16,"Greater London","Camden","Islington 021B","Urban major conurbation",London,22
N1 9SL,Yes,51.533717,-0.115773,530788,183328,TQ307833,"Greater London","Islington","Barnsbury", E09000019,E05000366,England,E11000009,"Islington South and Finsbury",2000-06-01,,"","",97,48,"Greater London","Islington","Islington 021A","Urban major conurbation",London,29
N1 9SN,Yes,51.533853,-0.11421,530896,183346,TQ308833,"Greater London","Islington","Barnsbury", E09000019,E05000366,England,E11000009,"Islington South and Finsbury",1980-01-01,,"","",88,40,"Greater London","Islington","Islington 021A","Urban major conurbation",London,33
N1 9SP,Yes,51.533717,-0.115773,530788,183328,TQ307833,"Greater London","Islington","Barnsbury", E09000019,E05000366,England,E11000009,"Islington South and Finsbury",2000-12-01,,"","",64,25,"Greater London","Islington","Islington 021A","Urban major conurbation",London,29
N1 9SQ,Yes,51.534417,-0.121843,530365,183395,TQ303833,"Greater London","Islington","Caledonian", E09000019,E05000368,England,E11000009,"Islington South and Finsbury",1980-01-01,,"","",2,1,"Greater London","Islington","Islington 021B","Urban major conurbation",London,23
N1 9SR,Yes,51.533438,-0.121941,530361,183286,TQ303832,"Greater London","Islington","Caledonian", E09000019,E05000368,England,E11000009,"Islington South and Finsbury",2006-03-01,,"","",8,6,"Greater London","Islington","Islington 021B","Urban major conurbation",London,22
N1 9SS,Yes,51.534908,-0.113273,530958,183465,TQ309834,"Greater London","Islington","Barnsbury", E09000019,E05000366,England,E11000009,"Islington South and Finsbury",1981-09-01,,"","",60,33,"Greater London","Islington","Islington 021A","Urban major conurbation",London,35
N1 9ST,Yes,51.534095,-0.11247,531016,183376,TQ310833,"Greater London","Islington","Barnsbury", E09000019,E05000366,England,E11000009,"Islington South and Finsbury",1981-06-01,,"","",16,8,"Greater London","Islington","Islington 021A","Urban major conurbation",London,39
N1 9SU,No,51.533532,-0.119933,530500,183300,TQ305833,"Greater London","Islington","Caledonian", E09000019,E05000368,England,E11000009,"Islington South and Finsbury",1980-01-01,1995-07-01,"","",,,"Greater London","Islington","Islington 021B","Urban major conurbation",London,23
N1 9SW,Yes,51.533869,-0.112378,531023,183351,TQ310833,"Greater London","Islington","Barnsbury", E09000019,E05000366,England,E11000009,"Islington South and Finsbury",1980-01-01,,"","",62,35,"Greater London","Islington","Islington 021A","Urban major conurbation",London,39
N1 9SX,Yes,51.534072,-0.119435,530533,183361,TQ305833,"Greater London","Islington","Caledonian", E09000019,E05000368,England,E11000009,"Islington South and Finsbury",1995-12-01,,"","",47,24,"Greater London","Islington","Islington 021B","Urban major conurbation",London,24
N1 9SY,Yes,51.533309,-0.112777,530997,183288,TQ309832,"Greater London","Islington","Barnsbury", E09000019,E05000366,England,E11000009,"Islington South and Finsbury",1980-01-01,,"","",41,26,"Greater London","Islington","Islington 019B","Urban major conurbation",London,38
N1 9SZ,Yes,51.531668,-0.118121,530631,183096,TQ306830,"Greater London","Islington","Caledonian", E09000019,E05000368,England,E11000009,"Islington South and Finsbury",2008-03-01,,"","",22,11,"Greater London","Islington","Islington 021B","Urban major conurbation",London,22
N1 9TA,No,51.530813,-0.118604,530600,183000,TQ306830,"Greater London","Islington","Clerkenwell", E09000019,E05000370,England,E11000009,"Islington South and Finsbury",1980-01-01,1995-07-01,"","",,,"Greater London","Camden","Islington 021D","Urban major conurbation",London,20
N1 9TB,No,51.533114,-0.115178,530831,183262,TQ308832,"Greater London","Islington","Barnsbury", E09000019,E05000366,England,E11000009,"Islington South and Finsbury",1995-12-01,1997-12-01,"","",,,"Greater London","Islington","Islington 019B","Urban major conurbation",London,31
N1 9TD,No,51.530813,-0.118604,530600,183000,TQ306830,"Greater London","Islington","Clerkenwell", E09000019,E05000370,England,E11000009,"Islington South and Finsbury",1980-01-01,1995-07-01,"","",,,"Greater London","Camden","Islington 021D","Urban major conurbation",London,20
N1 9TE,No,51.530813,-0.118604,530600,183000,TQ306830,"Greater London","Islington","Clerkenwell", E09000019,E05000370,England,E11000009,"Islington South and Finsbury",1980-01-01,1995-07-01,"","",,,"Greater London","Camden","Islington 021D","Urban major conurbation",London,20
N1 9TG,No,51.531734,-0.120007,530500,183100,TQ305831,"Greater London","Islington","Caledonian", E09000019,E05000368,England,E11000009,"Islington South and Finsbury",1982-03-01,1983-12-01,"","",,,"Greater London","Islington","Islington 021B","Urban major conurbation",London,21
N1 9TH,No,51.538425,-0.103278,531641,183874,TQ316838,"Greater London","Islington","St Mary's", E09000019,E05000379,England,E11000009,"Islington South and Finsbury",2001-12-01,2009-08-01,"","",,,"Greater London","Islington","Islington 020B","Urban major conurbation",London,42
N1 9TJ,No,51.533413,-0.121539,530389,183284,TQ303832,"Greater London","Islington","Caledonian", E09000019,E05000368,England,E11000009,"Islington South and Finsbury",1983-01-01,1997-12-01,"","",,,"Greater London","Islington","Islington 021B","Urban major conurbation",London,23
N1 9TL,No,51.534069,-0.11981,530507,183360,TQ305833,"Greater London","Islington","Caledonian", E09000019,E05000368,England,E11000009,"Islington South and Finsbury",1999-06-01,2000-10-01,"","",,,"Greater London","Islington","Islington 021B","Urban major conurbation",London,24
N1 9TN,No,51.538425,-0.103278,531641,183874,TQ316838,"Greater London","Islington","St Mary's", E09000019,E05000379,England,E11000009,"Islington South and Finsbury",2006-09-01,2007-10-01,"","",,,"Greater London","Islington","Islington 020B","Urban major conurbation",London,42
N1 9TP,Yes,51.532517,-0.106595,531428,183211,TQ314832,"Greater London","Islington","Barnsbury", E09000019,E05000366,England,E11000009,"Islington South and Finsbury",1981-09-01,,"","",,,"Greater London","Islington","Islington 020A","Urban major conurbation",London,42
N1 9TR,Yes,51.532103,-0.106598,531429,183165,TQ314831,"Greater London","Islington","Barnsbury", E09000019,E05000366,England,E11000009,"Islington South and Finsbury",1983-07-01,,"","",,,"Greater London","Islington","Islington 020A","Urban major conurbation",London,41
N1 9TS,No,51.531746,-0.112913,530992,183114,TQ309831,"Greater London","Islington","Barnsbury", E09000019,E05000366,England,E11000009,"Islington South and Finsbury",1983-03-01,2008-12-01,"","",,,"Greater London","Islington","Islington 021A","Urban major conurbation",London,37
N1 9TT,Yes,51.531665,-0.112888,530994,183105,TQ309831,"Greater London","Islington","Barnsbury", E09000019,E05000366,England,E11000009,"Islington South and Finsbury",1986-04-01,,"","",,,"Greater London","Islington","Islington 021A","Urban major conurbation",London,37
N1 9TU,No,51.532424,-0.107003,531400,183200,TQ314832,"Greater London","Islington","Barnsbury", E09000019,E05000366,England,E11000009,"Islington South and Finsbury",1990-02-01,1995-07-01,"","",,,"Greater London","Islington","Islington 020A","Urban major conurbation",London,42
N1 9TW,No,51.533416,-0.112729,531000,183300,TQ310833,"Greater London","Islington","Barnsbury", E09000019,E05000366,England,E11000009,"Islington South and Finsbury",1993-01-01,1995-07-01,"","",,,"Greater London","Islington","Islington 019B","Urban major conurbation",London,38
N1 9TX,Yes,51.534259,-0.11317,530967,183393,TQ309833,"Greater London","Islington","Barnsbury", E09000019,E05000366,England,E11000009,"Islington South and Finsbury",1981-09-01,,"","",32,13,"Greater London","Islington","Islington 021A","Urban major conurbation",London,36
N1 9TY,Yes,51.53436,-0.114377,530883,183402,TQ308834,"Greater London","Islington","Barnsbury", E09000019,E05000366,England,E11000009,"Islington South and Finsbury",1983-01-01,,"","",94,41,"Greater London","Islington","Islington 021A","Urban major conurbation",London,32
N1 9TZ,Yes,51.534338,-0.113599,530937,183401,TQ309834,"Greater London","Islington","Barnsbury", E09000019,E05000366,England,E11000009,"Islington South and Finsbury",1983-01-01,,"","",65,48,"Greater London","Islington","Islington 021A","Urban major conurbation",London,35
N1 9UA,Yes,51.533699,-0.120849,530436,183317,TQ304833,"Greater London","Islington","Caledonian", E09000019,E05000368,England,E11000009,"Islington South and Finsbury",1992-08-01,,"","",51,37,"Greater London","Islington","Islington 021B","Urban major conurbation",London,24
N1 9UB,No,51.539915,-0.125438,530100,184000,TQ301840,"Greater London","Camden","St Pancras and Somers Town", E09000007,E05000143,England,E11000009,"Holborn and St Pancras",1991-09-01,1995-07-01,"","",,,"Greater London","Camden","Camden 022B","Urban major conurbation",London,27
N1 9UD,No,51.533578,-0.122815,530300,183300,TQ303833,"Greater London","Camden","St Pancras and Somers Town", E09000007,E05000143,England,E11000009,"Holborn and St Pancras",1995-01-01,1996-12-01,"","",,,"Greater London","Camden","Camden 022B","Urban major conurbation",London,20
N1 9UE,No,51.533578,-0.122815,530300,183300,TQ303833,"Greater London","Camden","St Pancras and Somers Town", E09000007,E05000143,England,E11000009,"Holborn and St Pancras",1991-01-01,1995-01-01,"","",,,"Greater London","Camden","Camden 022B","Urban major conurbation",London,20
N1 9UF,No,51.534337,-0.121385,530397,183387,TQ303833,"Greater London","Islington","Caledonian", E09000019,E05000368,England,E11000009,"Islington South and Finsbury",1990-07-01,1997-12-01,"","",,,"Greater London","Islington","Islington 021B","Urban major conurbation",London,25
N1 9UG,No,51.531661,-0.114906,530854,183101,TQ308831,"Greater London","Islington","Barnsbury", E09000019,E05000366,England,E11000009,"Islington South and Finsbury",1991-09-01,2001-09-01,"","",,,"Greater London","Islington","Islington 019B","Urban major conurbation",London,29
N1 9UH,No,51.538425,-0.103278,531641,183874,TQ316838,"Greater London","Islington","St Mary's", E09000019,E05000379,England,E11000009,"Islington South and Finsbury",2006-08-01,2007-03-01,"","",,,"Greater London","Islington","Islington 020B","Urban major conurbation",London,42
N1 9UJ,No,51.538425,-0.103278,531641,183874,TQ316838,"Greater London","Islington","St Mary's", E09000019,E05000379,England,E11000009,"Islington South and Finsbury",2006-09-01,2007-10-01,"","",,,"Greater London","Islington","Islington 020B","Urban major conurbation",London,42
N1 9UL,Yes,51.533592,-0.111914,531056,183321,TQ310833,"Greater London","Islington","Barnsbury", E09000019,E05000366,England,E11000009,"Islington South and Finsbury",1983-03-01,,"","",15,15,"Greater London","Islington","Islington 019B","Urban major conurbation",London,39
N1 9UN,No,51.53119,-0.119727,530521,183040,TQ305830,"Greater London","Islington","Caledonian", E09000019,E05000368,England,E11000009,"Islington South and Finsbury",1985-04-01,2013-08-01,"","",,,"Greater London","Islington","Islington 021B","Urban major conurbation",London,20
N1 9UP,No,51.538425,-0.103278,531641,183874,TQ316838,"Greater London","Islington","St Mary's", E09000019,E05000379,England,E11000009,"Islington South and Finsbury",2006-04-01,2007-05-01,"","",,,"Greater London","Islington","Islington 020B","Urban major conurbation",London,42
N1 9UQ,No,51.530859,-0.121485,530400,183000,TQ304830,"Greater London","Islington","Caledonian", E09000019,E05000368,England,E11000009,"Islington South and Finsbury",1991-09-01,1991-12-01,"","",,,"Greater London","Camden","Islington 021B","Urban major conurbation",London,21
N1 9UR,No,51.538425,-0.103278,531641,183874,TQ316838,"Greater London","Islington","St Mary's", E09000019,E05000379,England,E11000009,"Islington South and Finsbury",2006-03-01,2007-04-01,"","",,,"Greater London","Islington","Islington 020B","Urban major conurbation",London,42
N1 9US,No,51.538425,-0.103278,531641,183874,TQ316838,"Greater London","Islington","St Mary's", E09000019,E05000379,England,E11000009,"Islington South and Finsbury",2005-07-01,2006-08-01,"","",,,"Greater London","Islington","Islington 020B","Urban major conurbation",London,42
N1 9UT,Yes,51.534217,-0.118391,530605,183379,TQ306833,"Greater London","Islington","Caledonian", E09000019,E05000368,England,E11000009,"Islington South and Finsbury",2004-08-01,,"","",,,"Greater London","Islington","Islington 019D","Urban major conurbation",London,24
N1 9UU,Yes,51.534623,-0.116745,530718,183427,TQ307834,"Greater London","Islington","Barnsbury", E09000019,E05000366,England,E11000009,"Islington South and Finsbury",1990-02-01,,"","",26,13,"Greater London","Islington","Islington 019B","Urban major conurbation",London,25
N1 9UW,No,51.538425,-0.103278,531641,183874,TQ316838,"Greater London","Islington","St Mary's", E09000019,E05000379,England,E11000009,"Islington South and Finsbury",2005-06-01,2015-06-01,"","",,,"Greater London","Islington","Islington 020B","Urban major conurbation",London,42
N1 9UX,No,51.538425,-0.103278,531641,183874,TQ316838,"Greater London","Islington","St Mary's", E09000019,E05000379,England,E11000009,"Islington South and Finsbury",2007-07-01,2009-06-01,"","",,,"Greater London","Islington","Islington 020B","Urban major conurbation",London,42
N1 9UY,Yes,51.533915,-0.12084,530436,183341,TQ304833,"Greater London","Islington","Caledonian", E09000019,E05000368,England,E11000009,"Islington South and Finsbury",1997-12-01,,"","",10,7,"Greater London","Islington","Islington 021B","Urban major conurbation",London,24
N1 9UZ,Yes,51.530934,-0.117214,530696,183016,TQ306830,"Greater London","Islington","Clerkenwell", E09000019,E05000370,England,E11000009,"Islington South and Finsbury",1997-06-01,,"","",,,"Greater London","Islington","Islington 021D","Urban major conurbation",London,22
N1 9WA,No,51.539277,-0.103676,531611,183968,TQ316839,"Greater London","Islington","St Mary's", E09000019,E05000379,England,E11000009,"Islington South and Finsbury",2003-03-01,2005-09-01,"","",,,"Greater London","Islington","Islington 017E","Urban major conurbation",London,41
N1 9WB,No,51.538425,-0.103278,531641,183874,TQ316838,"Greater London","Islington","St Mary's", E09000019,E05000379,England,E11000009,"Islington South and Finsbury",1997-06-01,2007-04-01,"","",,,"Greater London","Islington","Islington 020B","Urban major conurbation",London,42
N1 9WD,No,51.539277,-0.103676,531611,183968,TQ316839,"Greater London","Islington","St Mary's", E09000019,E05000379,England,E11000009,"Islington South and Finsbury",2004-06-01,2005-07-01,"","",,,"Greater London","Islington","Islington 017E","Urban major conurbation",London,41
N1 9WE,No,51.538425,-0.103278,531641,183874,TQ316838,"Greater London","Islington","St Mary's", E09000019,E05000379,England,E11000009,"Islington South and Finsbury",2008-01-01,2009-05-01,"","",,,"Greater London","Islington","Islington 020B","Urban major conurbation",London,42
N1 9WF,No,51.533122,-0.115163,530832,183263,TQ308832,"Greater London","Islington","Barnsbury", E09000019,E05000366,England,E11000009,"Islington South and Finsbury",1997-12-01,2001-06-01,"","",,,"Greater London","Islington","Islington 019B","Urban major conurbation",London,31
N1 9WG,No,51.538425,-0.103278,531641,183874,TQ316838,"Greater London","Islington","St Mary's", E09000019,E05000379,England,E11000009,"Islington South and Finsbury",1997-12-01,2006-02-01,"","",,,"Greater London","Islington","Islington 020B","Urban major conurbation",London,42
N1 9WH,No,51.538425,-0.103278,531641,183874,TQ316838,"Greater London","Islington","St Mary's", E09000019,E05000379,England,E11000009,"Islington South and Finsbury",2006-08-01,2008-09-01,"","",,,"Greater London","Islington","Islington 020B","Urban major conurbation",London,42
N1 9WJ,No,51.538425,-0.103278,531641,183874,TQ316838,"Greater London","Islington","St Mary's", E09000019,E05000379,England,E11000009,"Islington South and Finsbury",1998-06-01,2006-02-01,"","",,,"Greater London","Islington","Islington 020B","Urban major conurbation",London,42
N1 9WL,No,51.538425,-0.103278,531641,183874,TQ316838,"Greater London","Islington","St Mary's", E09000019,E05000379,England,E11000009,"Islington South and Finsbury",2006-05-01,2008-06-01,"","",,,"Greater London","Islington","Islington 020B","Urban major conurbation",London,42
N1 9WN,No,51.538425,-0.103278,531641,183874,TQ316838,"Greater London","Islington","St Mary's", E09000019,E05000379,England,E11000009,"Islington South and Finsbury",1998-06-01,2006-02-01,"","",,,"Greater London","Islington","Islington 020B","Urban major conurbation",London,42
N1 9WP,No,51.539277,-0.103676,531611,183968,TQ316839,"Greater London","Islington","St Mary's", E09000019,E05000379,England,E11000009,"Islington South and Finsbury",2003-09-01,2003-10-01,"","",,,"Greater London","Islington","Islington 017E","Urban major conurbation",London,41
N1 9WQ,Yes,51.538645,-0.103543,531622,183898,TQ316838,"Greater London","Islington","St Mary's", E09000019,E05000379,England,E11000009,"Islington South and Finsbury",1997-12-01,,"","",,,"Greater London","Islington","Islington 020B","Urban major conurbation",London,42
N1 9WR,No,51.539277,-0.103676,531611,183968,TQ316839,"Greater London","Islington","St Mary's", E09000019,E05000379,England,E11000009,"Islington South and Finsbury",2003-04-01,2004-06-01,"","",,,"Greater London","Islington","Islington 017E","Urban major conurbation",London,41
N1 9WS,No,51.538425,-0.103278,531641,183874,TQ316838,"Greater London","Islington","St Mary's", E09000019,E05000379,England,E11000009,"Islington South and Finsbury",2005-08-01,2006-09-01,"","",,,"Greater London","Islington","Islington 020B","Urban major conurbation",London,42
N1 9WT,No,51.538425,-0.103278,531641,183874,TQ316838,"Greater London","Islington","St Mary's", E09000019,E05000379,England,E11000009,"Islington South and Finsbury",2004-06-01,2007-05-01,"","",,,"Greater London","Islington","Islington 020B","Urban major conurbation",London,42
N1 9WU,Yes,51.538645,-0.103543,531622,183898,TQ316838,"Greater London","Islington","St Mary's", E09000019,E05000379,England,E11000009,"Islington South and Finsbury",2000-12-01,,"","",,,"Greater London","Islington","Islington 020B","Urban major conurbation",London,42
N1 9WW,Yes,51.538645,-0.103543,531622,183898,TQ316838,"Greater London","Islington","St Mary's", E09000019,E05000379,England,E11000009,"Islington South and Finsbury",2006-07-01,,"","",,,"Greater London","Islington","Islington 020B","Urban major conurbation",London,42
N1 9WX,Yes,51.538645,-0.103543,531622,183898,TQ316838,"Greater London","Islington","St Mary's", E09000019,E05000379,England,E11000009,"Islington South and Finsbury",1999-06-01,,"","",,,"Greater London","Islington","Islington 020B","Urban major conurbation",London,42
N1 9WY,No,51.538425,-0.103278,531641,183874,TQ316838,"Greater London","Islington","St Mary's", E09000019,E05000379,England,E11000009,"Islington South and Finsbury",1999-06-01,2008-12-01,"","",,,"Greater London","Islington","Islington 020B","Urban major conurbation",London,42
N1 9WZ,No,51.539277,-0.103676,531611,183968,TQ316839,"Greater London","Islington","St Mary's", E09000019,E05000379,England,E11000009,"Islington South and Finsbury",2003-09-01,2003-10-01,"","",,,"Greater London","Islington","Islington 017E","Urban major conurbation",London,41
N1 9XA,No,51.532048,-0.107638,531357,183157,TQ313831,"Greater London","Islington","Barnsbury", E09000019,E05000366,England,E11000009,"Islington South and Finsbury",2001-12-01,2003-10-01,"","",,,"Greater London","Islington","Islington 020A","Urban major conurbation",London,40
N1 9XB,No,51.532048,-0.107638,531357,183157,TQ313831,"Greater London","Islington","Barnsbury", E09000019,E05000366,England,E11000009,"Islington South and Finsbury",1987-04-01,2006-09-01,"","",,,"Greater London","Islington","Islington 020A","Urban major conurbation",London,40
N1 9XD,No,51.532049,-0.107681,531354,183157,TQ313831,"Greater London","Islington","Barnsbury", E09000019,E05000366,England,E11000009,"Islington South and Finsbury",1986-04-01,2004-05-01,"","",,,"Greater London","Islington","Islington 020A","Urban major conurbation",London,40
N1 9XE,No,51.532049,-0.107681,531354,183157,TQ313831,"Greater London","Islington","Barnsbury", E09000019,E05000366,England,E11000009,"Islington South and Finsbury",2004-01-01,2004-11-01,"","",,,"Greater London","Islington","Islington 020A","Urban major conurbation",London,40
N1 9XF,No,51.538425,-0.103278,531641,183874,TQ316838,"Greater London","Islington","St Mary's", E09000019,E05000379,England,E11000009,"Islington South and Finsbury",2003-04-01,2006-03-01,"","",,,"Greater London","Islington","Islington 020B","Urban major conurbation",London,42
N1 9XG,No,51.531526,-0.10704,531400,183100,TQ314831,"Greater London","Islington","Clerkenwell", E09000019,E05000370,England,E11000009,"Islington South and Finsbury",1990-02-01,1995-01-01,"","",,,"Greater London","Islington","Islington 021C","Urban major conurbation",London,40
N1 9XH,Yes,51.532674,-0.11746,530674,183209,TQ306832,"Greater London","Islington","Caledonian", E09000019,E05000368,England,E11000009,"Islington South and Finsbury",1998-12-01,,"","",,,"Greater London","Islington","Islington 021B","Urban major conurbation",London,24
N1 9XJ,No,51.532686,-0.107049,531396,183229,TQ313832,"Greater London","Islington","Barnsbury", E09000019,E05000366,England,E11000009,"Islington South and Finsbury",1987-04-01,2010-01-01,"","",,,"Greater London","Islington","Islington 020A","Urban major conurbation",London,42
N1 9XL,No,51.538425,-0.103278,531641,183874,TQ316838,"Greater London","Islington","St Mary's", E09000019,E05000379,England,E11000009,"Islington South and Finsbury",2007-01-01,2007-01-01,"","",,,"Greater London","Islington","Islington 020B","Urban major conurbation",London,42
N1 9XN,No,51.533782,-0.121509,530390,183325,TQ303833,"Greater London","Islington","Caledonian", E09000019,E05000368,England,E11000009,"Islington South and Finsbury",2003-04-01,2005-09-01,"","",,,"Greater London","Islington","Islington 021B","Urban major conurbation",London,24
N1 9XP,No,51.538425,-0.103278,531641,183874,TQ316838,"Greater London","Islington","St Mary's", E09000019,E05000379,England,E11000009,"Islington South and Finsbury",2004-01-01,2007-01-01,"","",,,"Greater London","Islington","Islington 020B","Urban major conurbation",London,42
N1 9XQ,Yes,51.538645,-0.103543,531622,183898,TQ316838,"Greater London","Islington","St Mary's", E09000019,E05000379,England,E11000009,"Islington South and Finsbury",2004-02-01,,"","",,,"Greater London","Islington","Islington 020B","Urban major conurbation",London,42
N1 9XR,No,51.531233,-0.112848,530998,183057,TQ309830,"Greater London","Islington","Clerkenwell", E09000019,E05000370,England,E11000009,"Islington South and Finsbury",1987-04-01,2001-01-01,"","",,,"Greater London","Islington","Islington 021D","Urban major conurbation",London,37
N1 9XS,No,51.538425,-0.103278,531641,183874,TQ316838,"Greater London","Islington","St Mary's", E09000019,E05000379,England,E11000009,"Islington South and Finsbury",2005-01-01,2006-04-01,"","",,,"Greater London","Islington","Islington 020B","Urban major conurbation",London,42
N1 9XT,No,51.538425,-0.103278,531641,183874,TQ316838,"Greater London","Islington","St Mary's", E09000019,E05000379,England,E11000009,"Islington South and Finsbury",1990-07-01,2009-05-01,"","",,,"Greater London","Islington","Islington 020B","Urban major conurbation",London,42
N1 9XU,No,51.538425,-0.103278,531641,183874,TQ316838,"Greater London","Islington","St Mary's", E09000019,E05000379,England,E11000009,"Islington South and Finsbury",1987-04-01,2008-06-01,"","",,,"Greater London","Islington","Islington 020B","Urban major conurbation",London,42
N1 9XW,Yes,51.533782,-0.121509,530390,183325,TQ303833,"Greater London","Islington","Caledonian", E09000019,E05000368,England,E11000009,"Islington South and Finsbury",2015-04-01,,"","",2,1,"Greater London","Islington","Islington 021B","Urban major conurbation",London,24
N1 9XX,No,51.538425,-0.103278,531641,183874,TQ316838,"Greater London","Islington","St Mary's", E09000019,E05000379,England,E11000009,"Islington South and Finsbury",2005-08-01,2006-09-01,"","",,,"Greater London","Islington","Islington 020B","Urban major conurbation",London,42
N1 9XY,No,51.538425,-0.103278,531641,183874,TQ316838,"Greater London","Islington","St Mary's", E09000019,E05000379,England,E11000009,"Islington South and Finsbury",2005-04-01,2007-04-01,"","",,,"Greater London","Islington","Islington 020B","Urban major conurbation",London,42
N1 9XZ,No,51.538425,-0.103278,531641,183874,TQ316838,"Greater London","Islington","St Mary's", E09000019,E05000379,England,E11000009,"Islington South and Finsbury",2002-07-01,2009-08-01,"","",,,"Greater London","Islington","Islington 020B","Urban major conurbation",London,42
N1 9YA,No,51.533122,-0.115163,530832,183263,TQ308832,"Greater London","Islington","Barnsbury", E09000019,E05000366,England,E11000009,"Islington South and Finsbury",1997-12-01,1998-06-01,"","",,,"Greater London","Islington","Islington 019B","Urban major conurbation",London,31
N1 9YB,Yes,51.538645,-0.103543,531622,183898,TQ316838,"Greater London","Islington","St Mary's", E09000019,E05000379,England,E11000009,"Islington South and Finsbury",1995-01-01,,"","",,,"Greater London","Islington","Islington 020B","Urban major conurbation",London,42
N1 9YD,No,51.538425,-0.103278,531641,183874,TQ316838,"Greater London","Islington","St Mary's", E09000019,E05000379,England,E11000009,"Islington South and Finsbury",2007-01-01,2010-03-01,"","",,,"Greater London","Islington","Islington 020B","Urban major conurbation",London,42
N1 9YE,No,51.530836,-0.120044,530500,183000,TQ305830,"Greater London","Camden","King's Cross", E09000007,E05000141,England,E11000009,"Holborn and St Pancras",1990-02-01,1995-07-01,"","",,,"Greater London","Camden","Camden 024B","Urban major conurbation",London,19
N1 9YF,No,51.538425,-0.103278,531641,183874,TQ316838,"Greater London","Islington","St Mary's", E09000019,E05000379,England,E11000009,"Islington South and Finsbury",2004-07-01,2006-01-01,"","",,,"Greater London","Islington","Islington 020B","Urban major conurbation",London,42
N1 9YG,No,51.533122,-0.115163,530832,183263,TQ308832,"Greater London","Islington","Barnsbury", E09000019,E05000366,England,E11000009,"Islington South and Finsbury",1990-02-01,1998-12-01,"","",,,"Greater London","Islington","Islington 019B","Urban major conurbation",London,31
N1 9YH,No,51.539277,-0.103676,531611,183968,TQ316839,"Greater London","Islington","St Mary's", E09000019,E05000379,England,E11000009,"Islington South and Finsbury",2004-03-01,2005-07-01,"","",,,"Greater London","Islington","Islington 017E","Urban major conurbation",London,41
N1 9YJ,No,51.531665,-0.115685,530800,183100,TQ308831,"Greater London","Islington","Barnsbury", E09000019,E05000366,England,E11000009,"Islington South and Finsbury",1990-02-01,1991-12-01,"","",,,"Greater London","Islington","Islington 019B","Urban major conurbation",London,27
N1 9YL,No,51.538425,-0.103278,531641,183874,TQ316838,"Greater London","Islington","St Mary's", E09000019,E05000379,England,E11000009,"Islington South and Finsbury",2004-02-01,2008-04-01,"","",,,"Greater London","Islington","Islington 020B","Urban major conurbation",London,42
N1 9YN,No,51.531549,-0.108481,531300,183100,TQ313831,"Greater London","Islington","Clerkenwell", E09000019,E05000370,England,E11000009,"Islington South and Finsbury",1990-07-01,1995-07-01,"","",,,"Greater London","Islington","Islington 021C","Urban major conurbation",London,40
N1 9YP,No,51.538425,-0.103278,531641,183874,TQ316838,"Greater London","Islington","St Mary's", E09000019,E05000379,England,E11000009,"Islington South and Finsbury",2002-06-01,2010-12-01,"","",,,"Greater London","Islington","Islington 020B","Urban major conurbation",London,42
N1 9YQ,No,51.539277,-0.103676,531611,183968,TQ316839,"Greater London","Islington","St Mary's", E09000019,E05000379,England,E11000009,"Islington South and Finsbury",2002-06-01,2003-10-01,"","",,,"Greater London","Islington","Islington 017E","Urban major conurbation",London,41
N1 9YR,No,51.531549,-0.108481,531300,183100,TQ313831,"Greater London","Islington","Clerkenwell", E09000019,E05000370,England,E11000009,"Islington South and Finsbury",1990-07-01,1991-12-01,"","",,,"Greater London","Islington","Islington 021C","Urban major conurbation",London,40
N1 9YS,No,51.538425,-0.103278,531641,183874,TQ316838,"Greater London","Islington","St Mary's", E09000019,E05000379,England,E11000009,"Islington South and Finsbury",2005-04-01,2006-03-01,"","",,,"Greater London","Islington","Islington 020B","Urban major conurbation",London,42
N1 9YT,No,51.539277,-0.103676,531611,183968,TQ316839,"Greater London","Islington","St Mary's", E09000019,E05000379,England,E11000009,"Islington South and Finsbury",2003-03-01,2004-06-01,"","",,,"Greater London","Islington","Islington 017E","Urban major conurbation",London,41
N1 9YU,No,51.531549,-0.108481,531300,183100,TQ313831,"Greater London","Islington","Clerkenwell", E09000019,E05000370,England,E11000009,"Islington South and Finsbury",1995-01-01,1995-12-01,"","",,,"Greater London","Islington","Islington 021C","Urban major conurbation",London,40
N1 9YW,No,51.531549,-0.108481,531300,183100,TQ313831,"Greater London","Islington","Clerkenwell", E09000019,E05000370,England,E11000009,"Islington South and Finsbury",1990-07-01,1992-12-01,"","",,,"Greater London","Islington","Islington 021C","Urban major conurbation",London,40
N1 9YX,No,51.539277,-0.103676,531611,183968,TQ316839,"Greater London","Islington","St Mary's", E09000019,E05000379,England,E11000009,"Islington South and Finsbury",2003-11-01,2004-06-01,"","",,,"Greater London","Islington","Islington 017E","Urban major conurbation",London,41
N1 9YY,No,51.538425,-0.103278,531641,183874,TQ316838,"Greater London","Islington","St Mary's", E09000019,E05000379,England,E11000009,"Islington South and Finsbury",2003-09-01,2006-02-01,"","",,,"Greater London","Islington","Islington 020B","Urban major conurbation",London,42
N1 9YZ,No,51.531549,-0.108481,531300,183100,TQ313831,"Greater London","Islington","Clerkenwell", E09000019,E05000370,England,E11000009,"Islington South and Finsbury",1991-09-01,1997-06-01,"","",,,"Greater London","Islington","Islington 021C","Urban major conurbation",London,40
N1 9ZA,No,51.533122,-0.115163,530832,183263,TQ308832,"Greater London","Islington","Barnsbury", E09000019,E05000366,England,E11000009,"Islington South and Finsbury",1999-12-01,2001-06-01,"","",,,"Greater London","Islington","Islington 019B","Urban major conurbation",London,31
N1 9ZB,No,51.533122,-0.115163,530832,183263,TQ308832,"Greater London","Islington","Barnsbury", E09000019,E05000366,England,E11000009,"Islington South and Finsbury",1999-12-01,2001-05-01,"","",,,"Greater London","Islington","Islington 019B","Urban major conurbation",London,31
N1 9ZD,No,51.539277,-0.103676,531611,183968,TQ316839,"Greater London","Islington","St Mary's", E09000019,E05000379,England,E11000009,"Islington South and Finsbury",2000-06-01,2005-03-01,"","",,,"Greater London","Islington","Islington 017E","Urban major conurbation",London,41
N1 9ZE,No,51.539277,-0.103676,531611,183968,TQ316839,"Greater London","Islington","St Mary's", E09000019,E05000379,England,E11000009,"Islington South and Finsbury",2000-06-01,2001-11-01,"","",,,"Greater London","Islington","Islington 017E","Urban major conurbation",London,41
N1 9ZF,No,51.539277,-0.103676,531611,183968,TQ316839,"Greater London","Islington","St Mary's", E09000019,E05000379,England,E11000009,"Islington South and Finsbury",2000-12-01,2001-11-01,"","",,,"Greater London","Islington","Islington 017E","Urban major conurbation",London,41
N1 9ZG,No,51.539277,-0.103676,531611,183968,TQ316839,"Greater London","Islington","St Mary's", E09000019,E05000379,England,E11000009,"Islington South and Finsbury",2000-12-01,2002-05-01,"","",,,"Greater London","Islington","Islington 017E","Urban major conurbation",London,41
N1 9ZH,No,51.539277,-0.103676,531611,183968,TQ316839,"Greater London","Islington","St Mary's", E09000019,E05000379,England,E11000009,"Islington South and Finsbury",2001-06-01,2002-05-01,"","",,,"Greater London","Islington","Islington 017E","Urban major conurbation",London,41
N1 9ZJ,Yes,51.538645,-0.103543,531622,183898,TQ316838,"Greater London","Islington","St Mary's", E09000019,E05000379,England,E11000009,"Islington South and Finsbury",2001-06-01,,"","",,,"Greater London","Islington","Islington 020B","Urban major conurbation",London,42
N1 9ZL,Yes,51.538645,-0.103543,531622,183898,TQ316838,"Greater London","Islington","St Mary's", E09000019,E05000379,England,E11000009,"Islington South and Finsbury",2001-06-01,,"","",,,"Greater London","Islington","Islington 020B","Urban major conurbation",London,42
N1 9ZN,No,51.538425,-0.103278,531641,183874,TQ316838,"Greater London","Islington","St Mary's", E09000019,E05000379,England,E11000009,"Islington South and Finsbury",2001-06-01,2012-02-01,"","",,,"Greater London","Islington","Islington 020B","Urban major conurbation",London,42
N1 9ZP,No,51.538425,-0.103278,531641,183874,TQ316838,"Greater London","Islington","St Mary's", E09000019,E05000379,England,E11000009,"Islington South and Finsbury",2001-06-01,2008-07-01,"","",,,"Greater London","Islington","Islington 020B","Urban major conurbation",London,42
N1 9ZQ,No,51.538425,-0.103278,531641,183874,TQ316838,"Greater London","Islington","St Mary's", E09000019,E05000379,England,E11000009,"Islington South and Finsbury",2001-06-01,2008-06-01,"","",,,"Greater London","Islington","Islington 020B","Urban major conurbation",London,42
N1 9ZR,No,51.538425,-0.103278,531641,183874,TQ316838,"Greater London","Islington","St Mary's", E09000019,E05000379,England,E11000009,"Islington South and Finsbury",2001-06-01,2006-03-01,"","",,,"Greater London","Islington","Islington 020B","Urban major conurbation",London,42
N1 9ZS,No,51.539277,-0.103676,531611,183968,TQ316839,"Greater London","Islington","St Mary's", E09000019,E05000379,England,E11000009,"Islington South and Finsbury",2001-06-01,2005-09-01,"","",,,"Greater London","Islington","Islington 017E","Urban major conurbation",London,41
N1 9ZT,No,51.539277,-0.103676,531611,183968,TQ316839,"Greater London","Islington","St Mary's", E09000019,E05000379,England,E11000009,"Islington South and Finsbury",2001-12-01,2004-06-01,"","",,,"Greater London","Islington","Islington 017E","Urban major conurbation",London,41
N1 9ZW,No,51.538425,-0.103278,531641,183874,TQ316838,"Greater London","Islington","St Mary's", E09000019,E05000379,England,E11000009,"Islington South and Finsbury",2001-06-01,2006-03-01,"","",,,"Greater London","Islington","Islington 020B","Urban major conurbation",London,42
N10 1AA,Yes,51.600529,-0.150711,528177,190696,TQ281906,"Greater London","Barnet","Coppetts", E09000003,E05000047,England,E11000009,"Chipping Barnet",1980-01-01,,"","",126,43,"Greater London","Barnet","Barnet 022D","Urban major conurbation",London,61
N10 1AB,Yes,51.600194,-0.15058,528187,190659,TQ281906,"Greater London","Barnet","Coppetts", E09000003,E05000047,England,E11000009,"Chipping Barnet",1980-01-01,,"","",152,52,"Greater London","Barnet","Barnet 022A","Urban major conurbation",London,63
N10 1AD,Yes,51.601212,-0.149571,528254,190774,TQ282907,"Greater London","Barnet","Coppetts", E09000003,E05000047,England,E11000009,"Chipping Barnet",1980-01-01,,"","",40,11,"Greater London","Barnet","Barnet 022D","Urban major conurbation",London,61
N10 1AE,Yes,51.601593,-0.149209,528278,190817,TQ282908,"Greater London","Barnet","Coppetts", E09000003,E05000047,England,E11000009,"Chipping Barnet",1980-01-01,,"","",43,18,"Greater London","Barnet","Barnet 022A","Urban major conurbation",London,62
N10 1AF,Yes,51.603928,-0.155829,527813,191065,TQ278910,"Greater London","Haringey","Fortis Green", E09000014,E05000270,England,E11000009,"Hornsey and Wood Green",2009-01-01,,"","",167,61,"Greater London","Haringey","Haringey 017D","Urban major conurbation",London,59
N10 1AG,Yes,51.601286,-0.150276,528205,190781,TQ282907,"Greater London","Barnet","Coppetts", E09000003,E05000047,England,E11000009,"Chipping Barnet",1980-01-01,,"","",19,8,"Greater London","Barnet","Barnet 022D","Urban major conurbation",London,59
N10 1AH,Yes,51.602225,-0.150498,528187,190885,TQ281908,"Greater London","Barnet","Coppetts", E09000003,E05000047,England,E11000009,"Chipping Barnet",1980-01-01,,"","",51,20,"Greater London","Barnet","Barnet 022D","Urban major conurbation",London,58
N10 1AJ,Yes,51.60252,-0.149244,528273,190920,TQ282909,"Greater London","Barnet","Coppetts", E09000003,E05000047,England,E11000009,"Chipping Barnet",1980-01-01,,"","",21,8,"Greater London","Barnet","Barnet 022D","Urban major conurbation",London,60
N10 1AL,Yes,51.603723,-0.150234,528201,191052,TQ282910,"Greater London","Barnet","Coppetts", E09000003,E05000047,England,E11000009,"Chipping Barnet",1980-01-01,,"","",133,44,"Greater London","Barnet","Barnet 022D","Urban major conurbation",London,55
N10 1AN,Yes,51.604221,-0.151052,528143,191106,TQ281911,"Greater London","Barnet","Coppetts", E09000003,E05000047,England,E11000009,"Chipping Barnet",1980-01-01,,"","",140,46,"Greater London","Barnet","Barnet 022D","Urban major conurbation",London,55
N10 1AP,Yes,51.604979,-0.149519,528247,191193,TQ282911,"Greater London","Barnet","Coppetts", E09000003,E05000047,England,E11000009,"Chipping Barnet",1980-01-01,,"","",30,9,"Greater London","Barnet","Barnet 022D","Urban major conurbation",London,49
N10 1AQ,Yes,51.601969,-0.149064,528287,190859,TQ282908,"Greater London","Barnet","Coppetts", E09000003,E05000047,England,E11000009,"Chipping Barnet",1991-09-01,,"","",19,12,"Greater London","Barnet","Barnet 022D","Urban major conurbation",London,62
N10 1AR,Yes,51.60438,-0.149731,528234,191126,TQ282911,"Greater London","Barnet","Coppetts", E09000003,E05000047,England,E11000009,"Chipping Barnet",1980-01-01,,"","",67,24,"Greater London","Barnet","Barnet 022D","Urban major conurbation",London,51
N10 1AS,Yes,51.60439,-0.149211,528270,191128,TQ282911,"Greater London","Barnet","Coppetts", E09000003,E05000047,England,E11000009,"Chipping Barnet",1980-01-01,,"","",14,6,"Greater London","Barnet","Barnet 022D","Urban major conurbation",London,51
N11 1RR,Yes,51.613954,-0.137036,529086,192213,TQ290922,"Greater London","Enfield","Southgate Green", E09000010,E05000209,England,E11000009,"Enfield, Southgate",1980-01-01,,"","",6,1,"Greater London","Enfield","Enfield 032C","Urban major conurbation",London,48
N11 1RS,Yes,51.615029,-0.140198,528864,192327,TQ288923,"Greater London","Enfield","Southgate Green", E09000010,E05000209,England,E11000009,"Enfield, Southgate",1980-01-01,,"","",37,16,"Greater London","Enfield","Enfield 032C","Urban major conurbation",London,57
N11 1RT,No,51.612981,-0.139762,528900,192100,TQ289921,"Greater London","Enfield","Southgate Green", E09000010,E05000209,England,E11000009,"Enfield, Southgate",1980-01-01,2000-06-01,"","",,,"Greater London","Enfield","Enfield 032B","Urban major conurbation",London,48
N11 1RU,Yes,51.613773,-0.138083,529014,192191,TQ290921,"Greater London","Enfield","Southgate Green", E09000010,E05000209,England,E11000009,"Enfield, Southgate",1980-01-01,,"","",39,19,"Greater London","Enfield","Enfield 032C","Urban major conurbation",London,49
N11 1RW,Yes,51.609244,-0.110712,530922,191736,TQ309917,"Greater London","Enfield","Bowes", E09000010,E05000193,England,E11000009,"Enfield, Southgate",1980-01-01,,"","",,,"Greater London","Enfield","Enfield 036D","Urban major conurbation",London,30
N12 0YW,No,51.616896,-0.180698,526055,192464,TQ260924,"Greater London","Barnet","Totteridge", E09000003,E05000059,England,E11000009,"Chipping Barnet",2007-10-01,2008-12-01,"","",,,"Greater London","Barnet","Barnet 012B","Urban major conurbation",London,92
N12 0YX,No,51.616896,-0.180698,526055,192464,TQ260924,"Greater London","Barnet","Totteridge", E09000003,E05000059,England,E11000009,"Chipping Barnet",2007-09-01,2008-10-01,"","",,,"Greater London","Barnet","Barnet 012B","Urban major conurbation",London,92
N12 0YY,Yes,51.616851,-0.180728,526053,192459,TQ260924,"Greater London","Barnet","Totteridge", E09000003,E05000059,England,E11000009,"Chipping Barnet",2007-08-01,,"","",1,1,"Greater London","Barnet","Barnet 012B","Urban major conurbation",London,92
N13 4NW,No,51.612636,-0.118111,530400,192100,TQ304921,"Greater London","Enfield","Southgate Green", E09000010,E05000209,England,E11000009,"Enfield, Southgate",1992-01-01,1995-07-01,"","",,,"Greater London","Enfield","Enfield 036F","Urban major conurbation",London,34
N13 4NX,Yes,51.614174,-0.120344,530241,192267,TQ302922,"Greater London","Enfield","Southgate Green", E09000010,E05000209,England,E11000009,"Enfield, Southgate",1980-01-01,,"","",16,7,"Greater London","Enfield","Enfield 028E","Urban major conurbation",London,31
N13 4NY,Yes,51.61435,-0.11843,530373,192290,TQ303922,"Greater London","Enfield","Southgate Green", E09000010,E05000209,England,E11000009,"Enfield, Southgate",1980-01-01,,"","",100,36,"Greater London","Enfield","Enfield 036F","Urban major conurbation",London,30
N14 5AX,Yes,51.628465,-0.141412,528742,193819,TQ287938,"Greater London","Barnet","Brunswick Park", E09000003,E05000043,England,E11000009,"Chipping Barnet",1980-01-01,,"","",101,41,"Greater London","Barnet","Barnet 009C","Urban major conurbation",London,52
N14 5AY,Yes,51.627964,-0.140435,528811,193765,TQ288937,"Greater London","Barnet","Brunswick Park", E09000003,E05000043,England,E11000009,"Chipping Barnet",1980-01-01,,"","",49,18,"Greater London","Barnet","Barnet 009C","Urban major conurbation",London,55
N14 5AZ,No,51.630604,-0.128305,529643,194080,TQ296940,"Greater London","Enfield","Southgate", E09000010,E05000208,England,E11000009,"Enfield, Southgate",1996-06-01,2008-03-01,"","",,,"Greater London","Enfield","Enfield 020D","Urban major conurbation",London,76
N15 4FL,Yes,51.588471,-0.068728,533890,189502,TQ338895,"Greater London","Haringey","Tottenham Green", E09000014,E05000280,England,E11000009,"Tottenham",2014-04-01,,"","",,,"Greater London","Haringey","Haringey 025A","Urban major conurbation",London,15
N15 4FN,Yes,51.586866,-0.073906,533536,189314,TQ335893,"Greater London","Haringey","Tottenham Green", E09000014,E05000280,England,E11000009,"Tottenham",2013-12-01,,"","",,,"Greater London","Haringey","Haringey 025A","Urban major conurbation",London,18
N15 4FP,Yes,51.587298,-0.07448,533495,189361,TQ334893,"Greater London","Haringey","Tottenham Green", E09000014,E05000280,England,E11000009,"Tottenham",2013-09-01,,"","",,,"Greater London","Haringey","Haringey 025A","Urban major conurbation",London,17
N16 5QQ,Yes,51.567853,-0.075951,533450,187196,TQ334871,"Greater London","Hackney","Stamford Hill West", E09000012,E05009384,England,E11000009,"Hackney North and Stoke Newington",1980-01-01,,"","",35,21,"Greater London","Hackney","Hackney 004C","Urban major conurbation",London,26
N16 5QR,Yes,51.568732,-0.075236,533497,187295,TQ334872,"Greater London","Hackney","Stamford Hill West", E09000012,E05009384,England,E11000009,"Hackney North and Stoke Newington",1980-01-01,,"","",29,9,"Greater London","Hackney","Hackney 003A","Urban major conurbation",London,29
N16 5QS,Yes,51.571337,-0.077824,533310,187580,TQ333875,"Greater London","Hackney","Stamford Hill West", E09000012,E05009384,England,E11000009,"Hackney North and Stoke Newington",1980-01-01,,"","",141,37,"Greater London","Hackney","Hackney 003E","Urban major conurbation",London,29
N17 6DE,Yes,51.589553,-0.082584,532927,189597,TQ329895,"Greater London","Haringey","Bruce Grove", E09000014,E05000268,England,E11000009,"Tottenham",1980-01-01,,"","",106,40,"Greater London","Haringey","Haringey 018D","Urban major conurbation",London,24
N17 6DF,No,51.593722,-0.079651,533118,190066,TQ331900,"Greater London","Haringey","Bruce Grove", E09000014,E05000268,England,E11000009,"Tottenham",1996-06-01,1997-12-01,"","",,,"Greater London","Haringey","Haringey 018A","Urban major conurbation",London,24
N17 6DG,Yes,51.589706,-0.082058,532963,189615,TQ329896,"Greater London","Haringey","Bruce Grove", E09000014,E05000268,England,E11000009,"Tottenham",1980-01-01,,"","",117,43,"Greater London","Haringey","Haringey 018D","Urban major conurbation",London,24
N17 6DH,Yes,51.590034,-0.081741,532984,189652,TQ329896,"Greater London","Haringey","Bruce Grove", E09000014,E05000268,England,E11000009,"Tottenham",1980-01-01,,"","",154,59,"Greater London","Haringey","Haringey 018D","Urban major conurbation",London,24
N17 6DJ,Yes,51.591326,-0.082149,532952,189795,TQ329897,"Greater London","Haringey","Bruce Grove", E09000014,E05000268,England,E11000009,"Tottenham",1980-01-01,,"","",19,5,"Greater London","Haringey","Haringey 018A","Urban major conurbation",London,29
N17 6DL,Yes,51.596594,-0.084237,532792,190377,TQ327903,"Greater London","Haringey","West Green", E09000014,E05000282,England,E11000009,"Tottenham",1994-05-01,,"","",146,54,"Greater London","Haringey","Haringey 013A","Urban major conurbation",London,17
N17 6DN,Yes,51.59678,-0.083536,532840,190399,TQ328903,"Greater London","Haringey","West Green", E09000014,E05000282,England,E11000009,"Tottenham",1994-05-01,,"","",145,52,"Greater London","Haringey","Haringey 013A","Urban major conurbation",London,17
N17 6DP,Yes,51.59386,-0.071604,533675,190096,TQ336900,"Greater London","Haringey","Bruce Grove", E09000014,E05000268,England,E11000009,"Tottenham",1992-01-01,,"","",,,"Greater London","Haringey","Haringey 011D","Urban major conurbation",London,16
N17 6DQ,No,51.593731,-0.079651,533118,190067,TQ331900,"Greater London","Haringey","Bruce Grove", E09000014,E05000268,England,E11000009,"Tottenham",1996-12-01,1999-06-01,"","",,,"Greater London","Haringey","Haringey 018A","Urban major conurbation",London,24
N17 6DR,Yes,51.591705,-0.081685,532983,189838,TQ329898,"Greater London","Haringey","Bruce Grove", E09000014,E05000268,England,E11000009,"Tottenham",1980-01-01,,"","",6,3,"Greater London","Haringey","Haringey 018A","Urban major conurbation",London,29
N17 6DS,Yes,51.59166,-0.081687,532983,189833,TQ329898,"Greater London","Haringey","Bruce Grove", E09000014,E05000268,England,E11000009,"Tottenham",1980-01-01,,"","",11,4,"Greater London","Haringey","Haringey 018A","Urban major conurbation",London,29
N17 6DT,Yes,51.591561,-0.081663,532985,189822,TQ329898,"Greater London","Haringey","Bruce Grove", E09000014,E05000268,England,E11000009,"Tottenham",1980-01-01,,"","",6,5,"Greater London","Haringey","Haringey 018A","Urban major conurbation",London,29
N17 6DU,Yes,51.590232,-0.081228,533019,189675,TQ330896,"Greater London","Haringey","Bruce Grove", E09000014,E05000268,England,E11000009,"Tottenham",1980-01-01,,"","",180,67,"Greater London","Haringey","Haringey 018A","Urban major conurbation",London,25
N17 6DW,No,51.59386,-0.071604,533675,190096,TQ336900,"Greater London","Haringey","Bruce Grove", E09000014,E05000268,England,E11000009,"Tottenham",2007-07-01,2010-08-01,"","",,,"Greater London","Haringey","Haringey 011D","Urban major conurbation",London,16
N17 6DX,Yes,51.590099,-0.080771,533051,189661,TQ330896,"Greater London","Haringey","Bruce Grove", E09000014,E05000268,England,E11000009,"Tottenham",1980-01-01,,"","",182,59,"Greater London","Haringey","Haringey 018A","Urban major conurbation",London,24
N17 6DY,Yes,51.591473,-0.081219,533016,189813,TQ330898,"Greater London","Haringey","Bruce Grove", E09000014,E05000268,England,E11000009,"Tottenham",1980-01-01,,"","",22,7,"Greater London","Haringey","Haringey 018C","Urban major conurbation",London,27
N17 6DZ,No,51.59386,-0.071604,533675,190096,TQ336900,"Greater London","Haringey","Bruce Grove", E09000014,E05000268,England,E11000009,"Tottenham",2001-06-01,2002-03-01,"","",,,"Greater London","Haringey","Haringey 011D","Urban major conurbation",London,16
N17 6EA,Yes,51.591857,-0.081073,533025,189856,TQ330898,"Greater London","Haringey","Bruce Grove", E09000014,E05000268,England,E11000009,"Tottenham",1980-01-01,,"","",36,11,"Greater London","Haringey","Haringey 018C","Urban major conurbation",London,27
N17 6EB,Yes,51.59056,-0.080362,533078,189713,TQ330897,"Greater London","Haringey","Bruce Grove", E09000014,E05000268,England,E11000009,"Tottenham",1980-01-01,,"","",239,72,"Greater London","Haringey","Haringey 018A","Urban major conurbation",London,24
N17 6ED,No,51.589484,-0.079498,533141,189595,TQ331895,"Greater London","Haringey","Bruce Grove", E09000014,E05000268,England,E11000009,"Tottenham",1980-01-01,1999-12-01,"","",,,"Greater London","Haringey","Haringey 018C","Urban major conurbation",London,21
N17 6EE,Yes,51.590806,-0.080005,533102,189741,TQ331897,"Greater London","Haringey","Bruce Grove", E09000014,E05000268,England,E11000009,"Tottenham",1980-01-01,,"","",219,77,"Greater London","Haringey","Haringey 018C","Urban major conurbation",London,24
N2 9HZ,No,51.590767,-0.167565,527037,189581,TQ270895,"Greater London","Barnet","East Finchley", E09000003,E05000049,England,E11000009,"Finchley and Golders Green",1991-01-01,2013-09-01,"","",,,"Greater London","Barnet","Barnet 029C","Urban major conurbation",London,97
N2 9JA,Yes,51.589545,-0.157884,527711,189462,TQ277894,"Greater London","Haringey","Fortis Green", E09000014,E05000270,England,E11000009,"Hornsey and Wood Green",1980-01-01,,"","",29,16,"Greater London","Haringey","Haringey 017B","Urban major conurbation",London,100
N2 9JB,Yes,51.588897,-0.158416,527676,189389,TQ276893,"Greater London","Haringey","Fortis Green", E09000014,E05000270,England,E11000009,"Hornsey and Wood Green",1980-01-01,,"","",54,19,"Greater London","Haringey","Haringey 017B","Urban major conurbation",London,97
N20 9LE,No,51.633836,-0.173084,526535,194361,TQ265943,"Greater London","Barnet","Oakleigh", E09000003,E05000058,England,E11000009,"Chipping Barnet",1995-01-01,2000-06-01,"","",,,"Greater London","Barnet","Barnet 008C","Urban major conurbation",London,97
N20 9LF,No,51.629862,-0.173677,526505,193918,TQ265939,"Greater London","Barnet","Totteridge", E09000003,E05000059,England,E11000009,"Chipping Barnet",1996-12-01,2006-03-01,"","",,,"Greater London","Barnet","Barnet 008D","Urban major conurbation",London,99
N20 9LG,Yes,51.630562,-0.178258,526186,193988,TQ261939,"Greater London","Barnet","Totteridge", E09000003,E05000059,England,E11000009,"Chipping Barnet",1980-01-01,,"","",20,9,"Greater London","Barnet","Barnet 008E","Urban major conurbation",London,83
N21 3DY,Yes,51.632248,-0.084195,532691,194342,TQ326943,"Greater London","Enfield","Bush Hill Park", E09000010,E05000194,England,E11000009,"Edmonton",1980-01-01,,"","",31,10,"Greater London","Enfield","Enfield 021E","Urban major conurbation",London,25
N21 3DZ,Yes,51.632957,-0.099554,531626,194393,TQ316943,"Greater London","Enfield","Winchmore Hill", E09000010,E05000213,England,E11000009,"Enfield, Southgate",1986-07-01,,"","",,,"Greater London","Enfield","Enfield 022B","Urban major conurbation",London,47
N3 3ZA,No,51.601507,-0.195059,525103,190728,TQ251907,"Greater London","Barnet","Finchley Church End", E09000003,E05000051,England,E11000009,"Finchley and Golders Green",1999-06-01,2004-03-01,"","",,,"Greater London","Barnet","Barnet 025C","Urban major conurbation",London,88
N3 3ZB,No,51.59402,-0.19937,524825,189888,TQ248898,"Greater London","Barnet","Finchley Church End", E09000003,E05000051,England,E11000009,"Finchley and Golders Green",1999-06-01,2000-06-01,"","",,,"Greater London","Barnet","Barnet 028D","Urban major conurbation",London,71
N3 3ZD,No,51.59402,-0.19937,524825,189888,TQ248898,"Greater London","Barnet","Finchley Church End", E09000003,E05000051,England,E11000009,"Finchley and Golders Green",1999-06-01,2000-07-01,"","",,,"Greater London","Barnet","Barnet 028D","Urban major conurbation",London,71
N4 3DS,Yes,51.567117,-0.121521,530294,187032,TQ302870,"Greater London","Islington","Tollington", E09000019,E05000381,England,E11000009,"Islington North",1980-01-01,,"","",,,"Greater London","Islington","Islington 001D","Urban major conurbation",London,43
N4 3DT,Yes,51.567161,-0.121447,530299,187037,TQ302870,"Greater London","Islington","Tollington", E09000019,E05000381,England,E11000009,"Islington North",1980-01-01,,"","",15,10,"Greater London","Islington","Islington 001D","Urban major conurbation",London,43
N4 3DU,Yes,51.567881,-0.120941,530332,187118,TQ303871,"Greater London","Islington","Tollington", E09000019,E05000381,England,E11000009,"Islington North",1980-01-01,,"","",155,82,"Greater London","Islington","Islington 001D","Urban major conurbation",London,43
N4 3DW,Yes,51.569208,-0.117307,530580,187272,TQ305872,"Greater London","Islington","Tollington", E09000019,E05000381,England,E11000009,"Islington North",1980-01-01,,"","",155,64,"Greater London","Islington","Islington 001D","Urban major conurbation",London,41
N5 2NH,Yes,51.548667,-0.094891,532193,185028,TQ321850,"Greater London","Islington","Mildmay", E09000019,E05000377,England,E11000009,"Islington North",1980-01-01,,"","",106,47,"Greater London","Islington","Islington 014D","Urban major conurbation",London,33
N5 2NJ,Yes,51.54884,-0.093932,532259,185049,TQ322850,"Greater London","Islington","Mildmay", E09000019,E05000377,England,E11000009,"Islington North",1980-01-01,,"","",12,10,"Greater London","Islington","Islington 014D","Urban major conurbation",London,32
N5 2NL,Yes,51.548967,-0.092888,532331,185065,TQ323850,"Greater London","Islington","Mildmay", E09000019,E05000377,England,E11000009,"Islington North",1980-01-01,,"","",129,73,"Greater London","Islington","Islington 014D","Urban major conurbation",London,31
NW10 4HD,Yes,51.539525,-0.244393,521852,183752,TQ218837,"Greater London","Brent","Harlesden", E09000005,E05000091,England,E11000009,"Brent Central",1980-01-01,,"","",5,3,"Greater London","Brent","Brent 031A","Urban major conurbation",London,44
NW10 4HE,Yes,51.53928,-0.244215,521865,183725,TQ218837,"Greater London","Brent","Kensal Green", E09000005,E05000092,England,E11000009,"Brent Central",1980-01-01,,"","",2,1,"Greater London","Brent","Brent 031E","Urban major conurbation",London,45
NW10 4HF,No,51.539069,-0.24516,521800,183700,TQ218837,"Greater London","Brent","Kensal Green", E09000005,E05000092,England,E11000009,"Brent Central",1992-01-01,1996-12-01,"","",,,"Greater London","Brent","Brent 031E","Urban major conurbation",London,46
NW11 7BL,No,51.580497,-0.190162,525500,188400,TQ255884,"Greater London","Barnet","Garden Suburb", E09000003,E05000052,England,E11000009,"Finchley and Golders Green",1993-08-01,1995-07-01,"","",,,"Greater London","Barnet","Barnet 033C","Urban major conurbation",London,88
NW11 7BN,Yes,51.581085,-0.189186,525566,188467,TQ255884,"Greater London","Barnet","Garden Suburb", E09000003,E05000052,England,E11000009,"Finchley and Golders Green",1980-01-01,,"","",,,"Greater London","Barnet","Barnet 035B","Urban major conurbation",London,86
NW11 7BP,No,51.580453,-0.187277,525700,188400,TQ257884,"Greater London","Barnet","Garden Suburb", E09000003,E05000052,England,E11000009,"Finchley and Golders Green",1990-02-01,1991-12-01,"","",,,"Greater London","Barnet","Barnet 033C","Urban major conurbation",London,83
NW1W 9QZ,Yes,51.530785,-0.13543,529433,182967,TQ294829,"Greater London","Camden","Regent's Park", E09000007,E05000142,England,E11000009,"Holborn and St Pancras",2012-04-01,,"","",,,"Greater London","Camden","Camden 023B","Urban major conurbation",London,27
NW1W 9RA,Yes,51.530785,-0.13543,529433,182967,TQ294829,"Greater London","Camden","Regent's Park", E09000007,E05000142,England,E11000009,"Holborn and St Pancras",2007-01-01,,"","",,,"Greater London","Camden","Camden 023B","Urban major conurbation",London,27
NW1W 9RB,Yes,51.530785,-0.13543,529433,182967,TQ294829,"Greater London","Camden","Regent's Park", E09000007,E05000142,England,E11000009,"Holborn and St Pancras",2012-04-01,,"","",,,"Greater London","Camden","Camden 023B","Urban major conurbation",London,27
NW1W 9RD,Yes,51.530785,-0.13543,529433,182967,TQ294829,"Greater London","Camden","Regent's Park", E09000007,E05000142,England,E11000009,"Holborn and St Pancras",2007-01-01,,"","",,,"Greater London","Camden","Camden 023B","Urban major conurbation",London,27
NW1W 9RE,Yes,51.530785,-0.13543,529433,182967,TQ294829,"Greater London","Camden","Regent's Park", E09000007,E05000142,England,E11000009,"Holborn and St Pancras",2007-01-01,,"","",,,"Greater London","Camden","Camden 023B","Urban major conurbation",London,27
NW1W 9RF,No,51.530785,-0.13543,529433,182967,TQ294829,"Greater London","Camden","Regent's Park", E09000007,E05000142,England,E11000009,"Holborn and St Pancras",2011-03-01,2016-02-01,"","",,,"Greater London","Camden","Camden 023B","Urban major conurbation",London,27
NW1W 9RG,Yes,51.530785,-0.13543,529433,182967,TQ294829,"Greater London","Camden","Regent's Park", E09000007,E05000142,England,E11000009,"Holborn and St Pancras",2012-04-01,,"","",,,"Greater London","Camden","Camden 023B","Urban major conurbation",London,27
NW1W 9RH,Yes,51.530785,-0.13543,529433,182967,TQ294829,"Greater London","Camden","Regent's Park", E09000007,E05000142,England,E11000009,"Holborn and St Pancras",2007-01-01,,"","",,,"Greater London","Camden","Camden 023B","Urban major conurbation",London,27
NW1W 9RJ,Yes,51.530785,-0.13543,529433,182967,TQ294829,"Greater London","Camden","Regent's Park", E09000007,E05000142,England,E11000009,"Holborn and St Pancras",2007-01-01,,"","",,,"Greater London","Camden","Camden 023B","Urban major conurbation",London,27
NW1W 9RL,Yes,51.530785,-0.13543,529433,182967,TQ294829,"Greater London","Camden","Regent's Park", E09000007,E05000142,England,E11000009,"Holborn and St Pancras",2007-01-01,,"","",,,"Greater London","Camden","Camden 023B","Urban major conurbation",London,27
NW1W 9RN,Yes,51.530785,-0.13543,529433,182967,TQ294829,"Greater London","Camden","Regent's Park", E09000007,E05000142,England,E11000009,"Holborn and St Pancras",2007-01-01,,"","",,,"Greater London","Camden","Camden 023B","Urban major conurbation",London,27
NW1W 9RP,Yes,51.530785,-0.13543,529433,182967,TQ294829,"Greater London","Camden","Regent's Park", E09000007,E05000142,England,E11000009,"Holborn and St Pancras",2007-01-01,,"","",,,"Greater London","Camden","Camden 023B","Urban major conurbation",London,27
NW1W 9RQ,Yes,51.530785,-0.13543,529433,182967,TQ294829,"Greater London","Camden","Regent's Park", E09000007,E05000142,England,E11000009,"Holborn and St Pancras",2007-01-01,,"","",,,"Greater London","Camden","Camden 023B","Urban major conurbation",London,27
NW1W 9RR,Yes,51.530785,-0.13543,529433,182967,TQ294829,"Greater London","Camden","Regent's Park", E09000007,E05000142,England,E11000009,"Holborn and St Pancras",2007-01-01,,"","",,,"Greater London","Camden","Camden 023B","Urban major conurbation",London,27
NW1W 9RS,Yes,51.530785,-0.13543,529433,182967,TQ294829,"Greater London","Camden","Regent's Park", E09000007,E05000142,England,E11000009,"Holborn and St Pancras",2007-01-01,,"","",,,"Greater London","Camden","Camden 023B","Urban major conurbation",London,27
NW1W 9RT,Yes,51.530785,-0.13543,529433,182967,TQ294829,"Greater London","Camden","Regent's Park", E09000007,E05000142,England,E11000009,"Holborn and St Pancras",2007-01-01,,"","",,,"Greater London","Camden","Camden 023B","Urban major conurbation",London,27
NW1W 9RU,Yes,51.530785,-0.13543,529433,182967,TQ294829,"Greater London","Camden","Regent's Park", E09000007,E05000142,England,E11000009,"Holborn and St Pancras",2007-01-01,,"","",,,"Greater London","Camden","Camden 023B","Urban major conurbation",London,27
NW1W 9RW,Yes,51.530785,-0.13543,529433,182967,TQ294829,"Greater London","Camden","Regent's Park", E09000007,E05000142,England,E11000009,"Holborn and St Pancras",2012-08-01,,"","",,,"Greater London","Camden","Camden 023B","Urban major conurbation",London,27
NW1W 9RX,Yes,51.530785,-0.13543,529433,182967,TQ294829,"Greater London","Camden","Regent's Park", E09000007,E05000142,England,E11000009,"Holborn and St Pancras",2012-04-01,,"","",,,"Greater London","Camden","Camden 023B","Urban major conurbation",London,27
NW1W 9RY,Yes,51.530785,-0.13543,529433,182967,TQ294829,"Greater London","Camden","Regent's Park", E09000007,E05000142,England,E11000009,"Holborn and St Pancras",2007-02-01,,"","",,,"Greater London","Camden","Camden 023B","Urban major conurbation",London,27
NW1W 9RZ,Yes,51.530785,-0.13543,529433,182967,TQ294829,"Greater London","Camden","Regent's Park", E09000007,E05000142,England,E11000009,"Holborn and St Pancras",2012-07-01,,"","",,,"Greater London","Camden","Camden 023B","Urban major conurbation",London,27
NW1W 9SA,Yes,51.530785,-0.13543,529433,182967,TQ294829,"Greater London","Camden","Regent's Park", E09000007,E05000142,England,E11000009,"Holborn and St Pancras",2012-04-01,,"","",,,"Greater London","Camden","Camden 023B","Urban major conurbation",London,27
NW1W 9SB,Yes,51.530785,-0.13543,529433,182967,TQ294829,"Greater London","Camden","Regent's Park", E09000007,E05000142,England,E11000009,"Holborn and St Pancras",2007-03-01,,"","",,,"Greater London","Camden","Camden 023B","Urban major conurbation",London,27
NW1W 9SD,Yes,51.530785,-0.13543,529433,182967,TQ294829,"Greater London","Camden","Regent's Park", E09000007,E05000142,England,E11000009,"Holborn and St Pancras",2007-03-01,,"","",,,"Greater London","Camden","Camden 023B","Urban major conurbation",London,27
NW1W 9SE,Yes,51.530785,-0.13543,529433,182967,TQ294829,"Greater London","Camden","Regent's Park", E09000007,E05000142,England,E11000009,"Holborn and St Pancras",2007-03-01,,"","",,,"Greater London","Camden","Camden 023B","Urban major conurbation",London,27
NW1W 9SF,Yes,51.530785,-0.13543,529433,182967,TQ294829,"Greater London","Camden","Regent's Park", E09000007,E05000142,England,E11000009,"Holborn and St Pancras",2007-03-01,,"","",,,"Greater London","Camden","Camden 023B","Urban major conurbation",London,27
NW1W 9SG,Yes,51.530785,-0.13543,529433,182967,TQ294829,"Greater London","Camden","Regent's Park", E09000007,E05000142,England,E11000009,"Holborn and St Pancras",2012-07-01,,"","",,,"Greater London","Camden","Camden 023B","Urban major conurbation",London,27
NW1W 9SH,No,51.530785,-0.13543,529433,182967,TQ294829,"Greater London","Camden","Regent's Park", E09000007,E05000142,England,E11000009,"Holborn and St Pancras",2012-05-01,2013-08-01,"","",,,"Greater London","Camden","Camden 023B","Urban major conurbation",London,27
NW1W 9SJ,Yes,51.530785,-0.13543,529433,182967,TQ294829,"Greater London","Camden","Regent's Park", E09000007,E05000142,England,E11000009,"Holborn and St Pancras",2012-09-01,,"","",,,"Greater London","Camden","Camden 023B","Urban major conurbation",London,27
NW1W 9SL,No,51.530785,-0.13543,529433,182967,TQ294829,"Greater London","Camden","Regent's Park", E09000007,E05000142,England,E11000009,"Holborn and St Pancras",2012-03-01,2015-10-01,"","",,,"Greater London","Camden","Camden 023B","Urban major conurbation",London,27
NW1W 9SN,Yes,51.530785,-0.13543,529433,182967,TQ294829,"Greater London","Camden","Regent's Park", E09000007,E05000142,England,E11000009,"Holborn and St Pancras",2007-04-01,,"","",,,"Greater London","Camden","Camden 023B","Urban major conurbation",London,27
NW1W 9SP,Yes,51.530785,-0.13543,529433,182967,TQ294829,"Greater London","Camden","Regent's Park", E09000007,E05000142,England,E11000009,"Holborn and St Pancras",2012-07-01,,"","",,,"Greater London","Camden","Camden 023B","Urban major conurbation",London,27
NW1W 9SQ,No,51.530785,-0.13543,529433,182967,TQ294829,"Greater London","Camden","Regent's Park", E09000007,E05000142,England,E11000009,"Holborn and St Pancras",2012-03-01,2014-04-01,"","",,,"Greater London","Camden","Camden 023B","Urban major conurbation",London,27
NW1W 9SR,No,51.530785,-0.13543,529433,182967,TQ294829,"Greater London","Camden","Regent's Park", E09000007,E05000142,England,E11000009,"Holborn and St Pancras",2012-05-01,2012-07-01,"","",,,"Greater London","Camden","Camden 023B","Urban major conurbation",London,27
NW1W 9SS,Yes,51.530785,-0.13543,529433,182967,TQ294829,"Greater London","Camden","Regent's Park", E09000007,E05000142,England,E11000009,"Holborn and St Pancras",2007-05-01,,"","",,,"Greater London","Camden","Camden 023B","Urban major conurbation",London,27
NW1W 9ST,No,51.530785,-0.13543,529433,182967,TQ294829,"Greater London","Camden","Regent's Park", E09000007,E05000142,England,E11000009,"Holborn and St Pancras",2012-06-01,2012-08-01,"","",,,"Greater London","Camden","Camden 023B","Urban major conurbation",London,27
NW1W 9SU,No,51.530785,-0.13543,529433,182967,TQ294829,"Greater London","Camden","Regent's Park", E09000007,E05000142,England,E11000009,"Holborn and St Pancras",2012-03-01,2013-09-01,"","",,,"Greater London","Camden","Camden 023B","Urban major conurbation",London,27
NW1W 9SW,Yes,51.530785,-0.13543,529433,182967,TQ294829,"Greater London","Camden","Regent's Park", E09000007,E05000142,England,E11000009,"Holborn and St Pancras",2012-07-01,,"","",,,"Greater London","Camden","Camden 023B","Urban major conurbation",London,27
NW1W 9SX,No,51.530785,-0.13543,529433,182967,TQ294829,"Greater London","Camden","Regent's Park", E09000007,E05000142,England,E11000009,"Holborn and St Pancras",2007-07-01,2015-08-01,"","",,,"Greater London","Camden","Camden 023B","Urban major conurbation",London,27
NW1W 9SY,No,51.530785,-0.13543,529433,182967,TQ294829,"Greater London","Camden","Regent's Park", E09000007,E05000142,England,E11000009,"Holborn and St Pancras",2012-06-01,2012-11-01,"","",,,"Greater London","Camden","Camden 023B","Urban major conurbation",London,27
NW2 3DT,No,51.557551,-0.218482,523600,185800,TQ236858,"Greater London","Brent","Mapesbury", E09000005,E05000095,England,E11000009,"Brent Central",1980-01-01,1990-12-01,"","",,,"Greater London","Brent","Brent 015A","Urban major conurbation",London,52
NW2 3DU,Yes,51.558455,-0.216456,523738,185904,TQ237859,"Greater London","Barnet","Childs Hill", E09000003,E05000045,England,E11000009,"Finchley and Golders Green",1980-01-01,,"","",,,"Greater London","Barnet","Barnet 039A","Urban major conurbation",London,55
NW2 3DX,Yes,51.558455,-0.216456,523738,185904,TQ237859,"Greater London","Barnet","Childs Hill", E09000003,E05000045,England,E11000009,"Finchley and Golders Green",1980-01-01,,"","",,,"Greater London","Barnet","Barnet 039A","Urban major conurbation",London,55
RM9 6TJ,Yes,51.53801,0.130931,547884,184275,TQ478842,"Greater London","Barking and Dagenham","Goresbrook", E09000002,E05000033,England,E11000009,"Barking",1980-01-01,,"","",104,37,"Greater London","Barking and Dagenham","Barking and Dagenham 018A","Urban major conurbation",London,7
RM9 6TL,Yes,51.538151,0.130577,547859,184290,TQ478842,"Greater London","Barking and Dagenham","Goresbrook", E09000002,E05000033,England,E11000009,"Barking",1980-01-01,,"","",58,25,"Greater London","Barking and Dagenham","Barking and Dagenham 018A","Urban major conurbation",London,7
RM9 6TP,Yes,51.536993,0.12849,547718,184157,TQ477841,"Greater London","Barking and Dagenham","Goresbrook", E09000002,E05000033,England,E11000009,"Barking",1980-01-01,,"","",56,26,"Greater London","Barking and Dagenham","Barking and Dagenham 018B","Urban major conurbation",London,8
SE1 1SH,No,51.504709,-0.095327,532290,180139,TQ322801,"Greater London","Southwark","Cathedrals", E09000028,E05000536,England,E11000009,"Bermondsey and Old Southwark",1993-01-01,1998-12-01,"","",,,"Greater London","Southwark","Southwark 002D","Urban major conurbation",London,11
SE1 1SJ,No,51.503411,-0.092355,532500,180000,TQ325800,"Greater London","Southwark","Cathedrals", E09000028,E05000536,England,E11000009,"Bermondsey and Old Southwark",1990-02-01,1990-12-01,"","",,,"Greater London","Southwark","Southwark 002B","Urban major conurbation",London,9
SE1 1SQ,No,51.503434,-0.093795,532400,180000,TQ324800,"Greater London","Southwark","Cathedrals", E09000028,E05000536,England,E11000009,"Bermondsey and Old Southwark",1990-02-01,1991-12-01,"","",,,"Greater London","Southwark","Southwark 002B","Urban major conurbation",London,7
SE10 0TW,Yes,51.502953,-0.000128,538902,180120,TQ389801,"Greater London","Greenwich","Peninsula", E09000011,E05000225,England,E11000009,"Greenwich and Woolwich",2016-02-01,,"","",,,"Greater London","Greenwich","Greenwich 036B","Urban major conurbation",London,5
SE10 0UQ,Yes,51.497932,0.011625,539733,179584,TQ397795,"Greater London","Greenwich","Peninsula", E09000011,E05000225,England,E11000009,"Greenwich and Woolwich",2016-02-01,,"","",,,"Greater London","Greenwich","Greenwich 036B","Urban major conurbation",London,4
SE10 0UX,No,51.489387,0.018004,540202,178646,TQ402786,"Greater London","Greenwich","Peninsula", E09000011,E05000225,England,E11000009,"Greenwich and Woolwich",2007-09-01,2009-10-01,"","",,,"Greater London","Greenwich","Greenwich 037D","Urban major conurbation",London,2
SE11 6AP,No,51.494126,-0.117637,530772,178922,TQ307789,"Greater London","Lambeth","Bishop's", E09000022,E05000416,England,E11000009,"Vauxhall",2003-02-01,2011-03-01,"","",,,"Greater London","Lambeth","Lambeth 036A","Urban major conurbation",London,11
SE11 6AQ,Yes,51.492668,-0.118158,530740,178759,TQ307787,"Greater London","Lambeth","Prince's", E09000022,E05000427,England,E11000009,"Vauxhall",1980-01-01,,"","",,,"Greater London","Lambeth","Lambeth 002E","Urban major conurbation",London,6
SE11 6AR,Yes,51.494735,-0.116949,530818,178991,TQ308789,"Greater London","Lambeth","Bishop's", E09000022,E05000416,England,E11000009,"Vauxhall",1980-01-01,,"","",27,11,"Greater London","Lambeth","Lambeth 036A","Urban major conurbation",London,9
SE1P 5JH,Yes,51.492762,-0.080152,533378,178838,TQ333788,"Greater London","Southwark","Grange", E09000028,E05000542,England,E11000009,"Bermondsey and Old Southwark",2014-09-01,,"","",,,"Greater London","Southwark","Southwark 006E","Urban major conurbation",London,4
SE1P 5JJ,Yes,51.492762,-0.080152,533378,178838,TQ333788,"Greater London","Southwark","Grange", E09000028,E05000542,England,E11000009,"Bermondsey and Old Southwark",2014-11-01,,"","",,,"Greater London","Southwark","Southwark 006E","Urban major conurbation",London,4
SE1P 5JL,Yes,51.492762,-0.080152,533378,178838,TQ333788,"Greater London","Southwark","Grange", E09000028,E05000542,England,E11000009,"Bermondsey and Old Southwark",2008-11-01,,"","",,,"Greater London","Southwark","Southwark 006E","Urban major conurbation",London,4
SE2 9SQ,Yes,51.494815,0.119681,547243,179449,TQ472794,"Greater London","Greenwich","Abbey Wood", E09000011,E05000214,England,E11000009,"Erith and Thamesmead",1980-01-01,,"","",59,27,"Greater London","Greenwich","Greenwich 003A","Urban major conurbation",London,0
SE2 9SR,No,51.498497,0.10445,546174,179828,TQ461798,"Greater London","Greenwich","Thamesmead Moorings", E09000011,E05000228,England,E11000009,"Erith and Thamesmead",2008-01-01,2008-06-01,"","",,,"Greater London","Greenwich","Greenwich 002I","Urban major conurbation",London,2
SE2 9SS,Yes,51.495105,0.122014,547404,179486,TQ474794,"Greater London","Bexley","Lesnes Abbey", E09000004,E05000077,England,E11000009,"Erith and Thamesmead",1980-01-01,,"","",115,35,"Greater London","Bexley","Bexley 002C","Urban major conurbation",London,3
UB7 8HJ,Yes,51.51176,-0.467205,506465,180317,TQ064803,"Greater London","Hillingdon","Yiewsley", E09000017,E05000345,England,E11000009,"Uxbridge and South Ruislip",1980-01-01,,"","",78,28,"Greater London","Hillingdon","Hillingdon 025A","Urban major conurbation",London,31
UB7 8HL,Yes,51.512071,-0.46486,506627,180355,TQ066803,"Greater London","Hillingdon","Yiewsley", E09000017,E05000345,England,E11000009,"Uxbridge and South Ruislip",1980-01-01,,"","",63,18,"Greater London","Hillingdon","Hillingdon 025A","Urban major conurbation",London,30
UB7 8HN,Yes,51.51285,-0.468077,506402,180437,TQ064804,"Greater London","Hillingdon","Yiewsley", E09000017,E05000345,England,E11000009,"Uxbridge and South Ruislip",1980-01-01,,"","",88,30,"Greater London","Hillingdon","Hillingdon 025A","Urban major conurbation",London,31
W1A 5QA,No,51.517133,-0.134244,529554,181451,TQ295814,"Greater London","Westminster","West End", E09000033,E05000649,England,E11000009,"Cities of London and Westminster",1999-06-01,2000-10-01,"","",,,"Greater London","City of Westminster","Westminster 013B","Urban major conurbation",London,38
W1A 5QB,No,51.517133,-0.134244,529554,181451,TQ295814,"Greater London","Westminster","West End", E09000033,E05000649,England,E11000009,"Cities of London and Westminster",1999-06-01,2002-05-01,"","",,,"Greater London","City of Westminster","Westminster 013B","Urban major conurbation",London,38
WD3 8UU,Yes,51.624959,-0.494816,504290,192866,TQ042928,"Greater London","Hillingdon","Harefield", E09000017,E05000330,England,E11000009,"Ruislip, Northwood and Pinner",2000-10-01,,"","",7,2,"","","Hillingdon 003A","Rural town and fringe",London,48
WD3 8UW,Yes,51.623984,-0.495253,504262,192757,TQ042927,"Greater London","Hillingdon","Harefield", E09000017,E05000330,England,E11000009,"Ruislip, Northwood and Pinner",2000-12-01,,"","",18,5,"","","Hillingdon 003A","Rural town and fringe",London,47
WD3 8UX,Yes,51.626869,-0.495128,504264,193078,TQ042930,"Greater London","Hillingdon","Harefield", E09000017,E05000330,England,E11000009,"Ruislip, Northwood and Pinner",2000-10-01,,"","",,,"","","Hillingdon 003A","Rural town and fringe",London,45
WD3 8UZ,Yes,51.626955,-0.494143,504332,193089,TQ043930,"Greater London","Hillingdon","Harefield", E09000017,E05000330,England,E11000009,"Ruislip, Northwood and Pinner",2001-12-01,,"","",22,15,"","","Hillingdon 003A","Rural town and fringe",London,46
WD3 8XD,Yes,51.628576,-0.499204,503978,193262,TQ039932,"Greater London","Hillingdon","Harefield", E09000017,E05000330,England,E11000009,"Ruislip, Northwood and Pinner",2002-07-01,,"","",2,1,"","","Hillingdon 003A","Rural town and fringe",London,45
WD6 2RN,Yes,51.643263,-0.256027,520770,195269,TQ207952,"Greater London","Barnet","Underhill", E09000003,E05000060,England,E11000009,"Chipping Barnet",1980-01-01,,"","",11,6,"Greater London","Borehamwood","Barnet 007F","Urban major conurbation",London,113
WD6 2RW,Yes,51.642309,-0.256627,520731,195162,TQ207951,"Greater London","Barnet","Underhill", E09000003,E05000060,England,E11000009,"Chipping Barnet",1980-01-01,,"","",71,55,"Greater London","Borehamwood","Barnet 007F","Urban major conurbation",London,114
